{
  "ac": 39.39584379067936,
  "fridge": 12.427163145854134,
  "washing_machine": 12.637387070839624,
  "television": 9.207335191851834
}